Bat-R-Up,-115.1785581,36.2147128
Wingstop,-115.2428913,36.2490667
Starbucks,-115.2428913,36.2490667
Chrome Showroom At Santa Fe Station Hotel & Casino,-115.2429424,36.2490667
Capriotti's,-115.2429424,36.2490667
Memphis Championship Barbecue,-115.2428492,36.2490797
Sushi Avenue 2,-115.2428492,36.2490797
Villapizza,-115.2428492,36.2490797
Santa Fe Station Hotel & Casino,-115.242846,36.249082
Johnny Rockets,-115.242873,36.249119
The Quad Resort & Casino,-115.1725544,36.1182124
Nashville Unplugged Live,-115.1725544,36.1182124
The Quad Las Vegas Resort & Casino,-115.1725544,36.1182124
Imperial Palace Karaoke Club,-115.172532,36.118221
Betty's Diner Cyber Cafe,-115.172532,36.118221
Pizza Palace,-115.172532,36.118221
Ginseng 3,-115.172532,36.118221
Frank Marino's Divas Las Vegas,-115.172532,36.118221
Imperial Hawaiian Luau,-115.172535,36.11829
Teahouse,-115.172435,36.1181689
Quesadilla,-115.172435,36.1181689
Burger Palace,-115.172435,36.1181689
Oyster Bar at Harrah's,-115.172711292526,36.1182264970781
Ghirardelli Ice Cream and Chocolate Shop,-115.1726202,36.1183787
Big Hurt's Snack Shack,-115.1726202,36.1183787
Buffet of Buffets,-115.1726202,36.1183787
The Mac King Comedy Magic Show,-115.1726202,36.1183787
Recycled Percussion,-115.172295941834,36.1180479836192
Goorin Bros.,-115.172757047638,36.1179305872908
Joe's Seafood Prime Steak & Stone Crab,-115.172973,36.118195
Shanghai Tang,-115.1729418,36.1183949
The Cheesecake Factory,-115.1729418,36.1183949
Carmine's,-115.1729418,36.1183949
Pandora Jewelry,-115.1729418,36.1183949
Custo Barcelona,-115.1729418,36.1183949
Salvatore Ferragamo International,-115.1729418,36.1183949
Brighton Collectibles,-115.1729418,36.1183949
Victoria's Secret,-115.1729418,36.1183949
Roberto Cavalli,-115.1729418,36.1183949
Bernini Collection,-115.1729418,36.1183949
Diesel USA,-115.1729418,36.1183949
Express,-115.1729418,36.1183949
Truefitt & Hill,-115.1729418,36.1183949
Michal Negrin,-115.1729418,36.1183949
Bebe,-115.1729418,36.1183949
Guess Inc,-115.1729418,36.1183949
Dolce & Gabbana,-115.1729418,36.1183949
Tadashi Shoji,-115.1729418,36.1183949
Longchamp Las Vegas,-115.1729418,36.1183949
Anne Fontaine Paris,-115.1729418,36.1183949
Bally,-115.1729418,36.1183949
Burberry Ltd,-115.1729418,36.1183949
Marciano,-115.1729418,36.1183949
Louis Vuitton,-115.1729418,36.1183949
Roman Times,-115.1729418,36.1183949
Shoooz At the Forum,-115.1729418,36.1183949
Playboy,-115.1729418,36.1183949
Chrome Hearts,-115.1729418,36.1183949
D & G Dolce & Gabbana,-115.1729418,36.1183949
C H Carolina Herrera,-115.1729418,36.1183949
Anthropologie,-115.1729418,36.1183949
Lasalsa Cantina Mexican Fare,-115.1729418,36.1183949
Penhaligon's,-115.1729418,36.1183949
Cache,-115.1729418,36.1183949
The Coach Store,-115.1729418,36.1183949
Apple Store,-115.1729418,36.1183949
Dkny,-115.1729418,36.1183949
Espresso,-115.1729418,36.1183949
Mac Cosmetics,-115.1729418,36.1183949
P.J. Clarke's New York Chophouse,-115.172945,36.118399
Donald J Pliner,-115.172865,36.11852
Marc Jacobs,-115.1729332,36.1177804
Sony Store,-115.1729332,36.1177804
Tod's,-115.1729332,36.1177804
Marc By Marc Jacobs,-115.1729506,36.1177807
Christian Louboutin,-115.1729506,36.1177807
Ghirardelli Ice Cream & Chocolate Shop,-115.172788091004,36.117663536989
Squeeze,-115.1727833,36.1176611
Sprinkles,-115.1727833,36.1176611
Brooklyn Bowl,-115.1727833,36.1176611
Guy Fieri,-115.1726,36.118793
The Style Lounge,-115.1727826,36.1176604
Beard Papa's,-115.1727876,36.1176605
Tag Bar,-115.17231836915,36.1176304946477
Flour & Barley,-115.172724053264,36.1175744980574
Trevi,-115.17321825027501,36.1178395820154
The Strip of Las Vegas,-115.172711841457,36.1188803929367
Spago,-115.173411369324,36.1182729219375
Sushi Roku,-115.17305,36.118966
La Perla,-115.17350692302,36.1186729467303
Fremont Hotel & Casino,-115.143347,36.171127
Paradise Buffet & Cafe Restaurant,-115.143347,36.171127
Second Street Grill,-115.1435262,36.1707639
Lanai Express,-115.1435262,36.1707639
Tony Roma's,-115.1435262,36.1707639
Rocky Mountain Chocolate Factory,-115.1435262,36.1707639
Paint Nite,-115.142944,36.1705619
Spray Painting Artists,-115.143773965538,36.1705578583226
Golden Nugget Shoe Shine,-115.143943786621,36.1707916259766
Vato Cigars,-115.144061,36.171235
Binion's Horseshoe Deli,-115.144061,36.171235
Benny's Bullpen Sports Bar & Cigar Lounge,-115.144061,36.171235
Binion's Ranch Steak House,-115.144061,36.171235
Binion's Cafe,-115.144061,36.171235
Binion's Hotel & Casino,-115.144061,36.171235
Binion's Original Coffee Shop,-115.144061,36.171235
Binion's Poker Room,-115.144061,36.171235
The Beef Jerky Store,-115.142253,36.170594
Chicago Brewing Co.,-115.14336903533,36.1701440483453
French Market Buffet,-115.201692581177,36.1031392755678
Fuddruckers,-115.202518195041,36.103050076498
Buzz'N Brushes,-115.201984454956,36.1025204880539
KGB: Kerry's Gourmet Burgers,-115.1717699,36.1193389
McDonald's,-115.1717699,36.1193389
Starbucks,-115.1717703,36.1193098
Carnaval Court Bar & Grill,-115.171525,36.119304
Ruth's Chris Steak House,-115.172197179713,36.1195756554537
Treasure Island Pirate Show,-115.1724674,36.1195889
The Piano Bar at Harrah's,-115.1723298,36.1198549
Flavors The Buffet,-115.172435045352,36.1199282583936
Espresso Culture & Cuisine,-115.1727528,36.1192765
Noodle Asia,-115.17106,36.12008
Hershey's Chocolate World,-115.174568,36.102415
America,-115.174566,36.10259
New York - New York,-115.174571576754,36.1021851689795
The Sporting House Bar & Grill,-115.174634,36.102099
Cirque du Soleil - Zumanity,-115.174841600721,36.1028937149418
Pool at NY-NY,-115.175575891754,36.1020612894687
Starbucks,-115.174478524728,36.102252598728
Bijoux Terner,-115.17455578133101,36.101969722893
Gallagher's Steakhouse,-115.17424646191,36.102515180567
New York Pretzel,-115.174286,36.102723
Shades Of Temptations,-115.174179488516,36.102032696319
Sabatino's Authentic NY Pizzeria,-115.262282,36.219133
The Cracked Egg,-115.2624712,36.2191781
Tropical Smoothie Cafe,-115.2627104,36.2184533
Starbucks Coffee,-115.2627104,36.2184533
Aurelio's Pizza,-115.2627104,36.2184533
Subway,-115.2627104,36.2184533
Gyro Time Restaurant,-115.2627104,36.2184533
International CES - Consumer Electronics Show,-115.1511192,36.1311282
Sonio's Cafe,-115.1930038,36.1593806
M & M Soul Food Cafe,-115.193109512329,36.1588056244571
Fat Tuesday,-115.171564,36.102621
Starbucks,-115.171067298953,36.1026962833457
MGM Grand Buffet,-115.171354276718,36.1020532610998
Grand Avenue Stores,-115.172357,36.1026219
L'Atelier de Joel Robuchon,-115.170541385433,36.1025900700674
Universal Windows Direct Las Vegas,-115.189442720377,36.0739829938102
Rock the Tea,-115.1886166,36.0749889
Jet Luxury Resorts,-115.1886166,36.0749889
DiVine Events,-115.1886166,36.0749889
WC Motoring,-115.1886166,36.0749889
Nevada Orthopedic & Spine Center,-115.2493547,36.207884
Las Vegas Skin & Cancer Clinics,-115.2493547,36.207884
Tire Works Total Car Care,-115.283862,36.114386
James W. Campbell, DC,-115.279987080566,36.0996275498836
Veterinary Emergency & Critical Care,-115.280865,36.100579
Fresh & Easy,-115.280865,36.100579
Subway,-115.280865,36.100579
Storage One,-115.305114,36.064259
Maximum Fitness,-111.895947754383,33.6436591297388
Christakos George T, DDS,-111.8958889,33.6452969
Arizona Associates For Reproductive Health,-111.8958889,33.6452969
Douglas W Beals, DDS MS,-111.8958955,33.6453147
Cardiovascular Consultants,-111.8958955,33.6453147
AZ Eye Health,-111.8958994,33.6453254
Desert Springs Pools & Spas,-115.1458887,36.0994959
US Post Office,-115.1465238,36.0996207
Famous Dave's,-115.171085,36.043483
RC Willey,-115.326008,36.11914
Kincaid's Classic American Dining,-112.070093,33.4477082
FedEx Office Print & Ship Center,-112.0699578,33.4476269
Paradise Bakery,-112.0706,33.44742
China Inn,-112.0706,33.44742
Majerle's Sports Grill,-112.0712574,33.4484654
N-Depth Scuba,-111.9634282,33.311748
Energy 1st Exteriors,-111.9634286,33.3117465
Double Tree  By Hilton,-111.92484,33.515255
Jay Galati, DDS, MSD, PC,-111.896881,33.6448635
Children's Medical Group Ltd,-112.1825874,33.6097586
Michael A Epstein MD,-112.1825874,33.6097586
Maria Josefa Apigo MD,-112.182666,33.610134
Fry's Food & Drug,-112.1838,33.609312
Kincaid's Classic American Dining,-112.070093,33.4477082
FedEx Office Print & Ship Center,-112.0699578,33.4476269
Paradise Bakery,-112.0706,33.44742
China Inn,-112.0706,33.44742
Majerle's Sports Grill,-112.0712574,33.4484654
District American Kitchen and Wine Bar,-112.0701054,33.4514311
Vals Getaway DES Cafeteria,-112.0971288,33.4468055
Par Exsalonce CityScape Salon & Spa,-112.0772,33.4520525518248
Crescent Ballroom,-112.0766916,33.4517763
Cocina 10,-112.0766916,33.4517763
Game Seven Grill,-112.0686707,33.4462892
Sliders American Grill,-112.0686882,33.4462892
Par Exsalonce CityScape Salon & Spa,-112.0772,33.4520525518248
Crescent Ballroom,-112.0766916,33.4517763
Cocina 10,-112.0766916,33.4517763
Precision Window Tint,-115.0443187,36.0790378
Premier Auto Body,-115.044299,36.079147
Yoshi's Restaurant,-112.074398,33.4940659
Arco AMPM Station,-112.0744,33.494438
Hap's Pit Barbeque,-112.0742775,33.4947925
Par Exsalonce CityScape Salon & Spa,-112.0772,33.4520525518248
Crescent Ballroom,-112.0766916,33.4517763
Cocina 10,-112.0766916,33.4517763
Phoenix Suns,-112.07143225234,33.445888241217
US Airways Center,-112.071211,33.4459
Phoenix Mercury,-112.071211,33.4459
Carl's Jr,-112.071211,33.4459
Jason's Deli,-115.148563,36.173981
Cafelatte,-115.148563,36.173981
24 Hour Fitness,-115.147894,36.1742769
Allure Salon,-115.1122302,36.1151447
Lappert's Ice Cream,-115.145197072262,36.1731567812239
Pullman Grille,-115.1456193,36.1729288
Main Street Casino Brewing Hotel,-115.1456348,36.1729353
Cal Club Snack Bar,-115.145593,36.172777
Aloha Specialties Restaurant,-115.1455849,36.1727435
Ethel M Chocolates,-115.1455849,36.1727435
Lei Day Aloha Festival,-115.1455849,36.1727435
Vegas 808,-115.1455849,36.1727435
Market Street Cafe,-115.1455849,36.1727435
The California Hotel & Casino,-115.1455849,36.1727435
Pasta Pirate,-115.1455849,36.1727435
Las Vegas Jerkys,-115.1455,36.172231
Evening Call,-115.1692922,36.1144707
Johnny Rockets,-115.1692922,36.1144707
Paranormal,-115.1692922,36.1144707
The Price is Right, Live!,-115.1684081,36.1135342
Nosh,-115.1684081,36.1135342
Harley Davidson,-115.1684081,36.1135342
Le Boulevard at Paris,-115.1684081,36.1135342
Spa at Bally's,-115.1684081,36.1135342
Ichiban Sushi,-115.1684081,36.1135342
Sidewalk Cafe,-115.1684081,36.1135342
Big Kitchen Buffet,-115.1684081,36.1135342
Wild Thaiger,-112.07352364174,33.477933965703
Durant's,-112.0734835,33.4772365
Switch Restaurant & Wine Bar,-112.073616,33.477031
Central Cafe,-112.074398,33.477111
Jordan's Mexican Food,-112.072914,33.477594
Del Taco,-115.1657957,36.1585615
Rebel's Pizza - Smoke Ranch,-115.222697,36.203113
Molly Maid,-115.2233179,36.2031154
Saddle 'n' Spurs Saloon,-115.2232932,36.2023343
Joey's Pizza,-115.2232932,36.2023343
Mystere Theatre At Treasure Island Hotel And Casino,-115.172762610018,36.1249633868011
Gilley's,-115.172325134277,36.1245384216309
ISLA Mexican Kitchen & Tequila Bar,-115.172324,36.1245369
Christian Audigier The Nightclub,-115.172324,36.1245369
The Buffet at Treasure Island,-115.171991,36.124829
Sirens of Treasure Island,-115.171971,36.124823
Pho at The Coffee Shop,-115.17176485588101,36.1247267427889
Don't Tell Mama,-115.140099,36.168666
Beauty Bar,-115.140098571777,36.1686668395996
Commonwealth,-115.139801591282,36.1686775067525
Le Thai,-115.139880088836,36.1688018067162
Lovo Cigars,-115.1400411,36.168853
Jillian's,-115.1400422,36.1688534
Coterie,-115.140144348145,36.1689224243164
La Comida,-115.1395496,36.1687401
The Griffin,-115.1403079,36.1689657
Kabob Korner,-115.1403267,36.1689727
The Burlesque Hall of Fame,-115.1396775,36.1689485
/usr/lib,-115.1396736,36.1689461
Emergency Arts,-115.1396736,36.1689461
Blow Downtown,-115.1396736,36.1689461
Feetish Spa Parlor,-115.1396736,36.1689461
The Inspire Theatre,-115.140376277268,36.1690188918021
The Laundry Room,-115.1403191,36.1690645
Great Vegas Festival of Beer,-115.1393839,36.1685078
Insert Coins,-115.1400895,36.1691314
Maharaja Hookah Cafe,-115.1402448,36.1691311
Vanguard Lounge,-115.139782,36.169168
Cheffinis Hot Dogs,-115.139599,36.169116
flockflockflock,-115.139599,36.169116
The Beat Coffeehouse,-115.139599,36.169116
Inspire News Cafe,-115.1405889,36.1690987
Wayfarer Bar,-115.1407265,36.168984
Soma Intimates,-115.140818,36.1688512
Fremont Country Club,-115.139594,36.168008
Backstage Bar & Billiards,-115.139594,36.168008
Ugly Sweater Run,-115.139594,36.168008
Downtown Cocktail Room,-115.1406902,36.1690367
Radio City Pizza,-115.140026,36.1692899
Uncle Joe's Pizza,-115.1405453,36.1691679
Park on Fremont,-115.140097,36.169326
Grass Roots Juice Bar,-115.140467,36.167937
Bud & Vine,-115.140467,36.167937
O Face Doughnuts,-115.140467,36.167937
Mamacita's Restaurant,-115.1390624,36.1684442
Mamita's,-115.13913,36.168245
Black Spade Tattoo,-115.140472,36.1678228
Carson Kitchen,-115.140640474856,36.1678783156885
McDonald's,-115.2629554,36.1591549
Roberto's Taco Shop,-115.2627935,36.1586571
Mugsy & Moxie's Bully Couture,-115.263537,36.158771
Sinclair,-115.262657,36.158549
Southwest Medical Associates,-115.24861,36.20895
Curbside Cafe,-115.17284641377,36.1307793721867
Trump Hotel Lobby Bar,-115.172542,36.129943
Trump Hotel,-115.172542,36.129943
Icewine Tasting with Famed Vintner Donald Ziraldo,-115.172542,36.129943
VIP Adjust,-115.173533059277,36.1310566643014
Excel Chiropractic,-115.299366,36.084612
Summerlin Smiles,-115.299914,36.084564
Insight Eyecare,-115.298606,36.084699
Bond Pediatrics,-115.299856,36.084107
CVS Pharmacy,-115.2984622,36.0850968
Desert Springs Pools & Spas,-115.1458887,36.0994959
US Post Office,-115.1465238,36.0996207
Training To You Inc,-112.074811,33.472129
New York City Bar & Grill,-115.2262849,36.1255487
Trend Beauty Salon,-115.226099,36.1258724
Carson Kitchen,-115.140640474856,36.1678783156885
O Face Doughnuts,-115.140467,36.167937
Grass Roots Juice Bar,-115.140467,36.167937
Bud & Vine,-115.140467,36.167937
Soma Intimates,-115.140818,36.1688512
Black Spade Tattoo,-115.140472,36.1678228
Newark & Newark,-115.141409933567,36.1679081618786
Wayfarer Bar,-115.1407265,36.168984
Don't Tell Mama,-115.140099,36.168666
Beauty Bar,-115.140098571777,36.1686668395996
Downtown Cocktail Room,-115.1406902,36.1690367
US Post Office,-115.141413,36.167734
Kabob Korner,-115.1403267,36.1689727
The Griffin,-115.1403079,36.1689657
The Inspire Theatre,-115.140376277268,36.1690188918021
Inspire News Cafe,-115.1405889,36.1690987
Coterie,-115.140144348145,36.1689224243164
Jillian's,-115.1400422,36.1688534
Lovo Cigars,-115.1400411,36.168853
The Laundry Room,-115.1403191,36.1690645
Uncle Joe's Pizza,-115.1405453,36.1691679
Amados Mexican Food,-111.9114168,33.3656883
Holy Spirit Catholic Church,-111.9112082,33.3656079
Matrixx Initiatives,-112.0308046,33.5069858
Haus,-112.031029,33.50741
Safeway,-112.031029,33.50741
Teavana,-112.031029,33.50741
Hairstylist Michelle King,-112.031029,33.50741
Starbucks Drive Thru,-112.031029,33.50741
Biltmore Loop,-112.031029,33.50741
Maximillians Coyote Cafe,-112.031005,33.506562
Le Peep Restaurant On Central,-112.075675,33.491509
Mrs White's Golden Rule Cafe,-112.063434,33.447521
Chevron Food Mart,-112.069987,33.494438
Bank of America,-111.856333,33.392118
Hibachi Grill Super Buffet,-111.856375783682,33.3932252973318
Fastsigns,-112.0734504,33.4759172
Schlotzskys Deli,-112.0736968,33.476644
Switch Restaurant & Wine Bar,-112.073616,33.477031
Todd Miller - Nevada Realty Solutions,-115.287404,36.091501
Desert Paradise Resort,-115.208348,36.096518
Excel Auto Services,-115.2079279,36.0968941
Training To You Inc,-112.074811,33.472129
Phoenix Suns,-112.07143225234,33.445888241217
US Airways Center,-112.071211,33.4459
Phoenix Mercury,-112.071211,33.4459
Carl's Jr,-112.071211,33.4459
Minus 5 Ice Lounge,-115.176742306746,36.1044875
Monte Carlo Hotel And Casino,-115.1767584,36.1044875
Starbucks,-115.1767584,36.1044875
Spa & Salon Monte Carlo,-115.1767584,36.1044875
BLVD Creamery,-115.1767584,36.1044875
Sambalatte,-115.1767584,36.1044875
Yusho,-115.1767584,36.1044875
The Pools at Monte Carlo,-115.1767584,36.1044875
Ignite Lounge,-115.1767584,36.1044875
Monte Carlo Casino,-115.1767584,36.1044875
The Buffet,-115.1767584,36.1044875
Big Chill,-115.1767584,36.1044875
Sbarro,-115.1767584,36.1044875
Blue Man Group,-115.1767584,36.1044875
The Pub at Monte Carlo,-115.1767584,36.1044875
800 Degrees Neapolitan Pizzeria,-115.1767584,36.1044875
Cupcakery,-115.1767584,36.1044875
Starbucks,-115.1767584,36.1044875
Brand Lounge,-115.1767584,36.1044875
Monte Carlo Poker Room,-115.1767584,36.1044875
d.Vino,-115.17677,36.104605
CityCenter Tram,-115.176876783371,36.1048816136171
Double Barrel Roadhouse,-115.17601,36.1043329
JABBAWOCKEEZ,-115.17601,36.1043329
Marshall-Rousso,-115.177333797444,36.104248137558805
Loco Patron,-111.9404991,33.42791
Which Wich,-111.9404991,33.42791
TriSports,-111.9404991,33.42791
P.F. Chang's Rock N Roll Half Marathon AZ,-111.940003037453,33.4273673048425
Mill Avenue District,-111.9404992,33.4271986
Ncounter,-111.9404992,33.4271986
Terrible Herbst,-115.128102,36.071359
Ksaz-Tv 10-Fox,-112.080813,33.44877
Esplanade Center,-112.028682,33.507962
Fuego Tacos,-112.029066725112,33.508533016607
MercBar,-112.028081,33.508704
Picazzo's Organic Italian Kitchen,-112.028081,33.508704
CVS Pharmacy,-112.0733056,33.4653458
Homewood Suites,-111.9798301,33.4036486
Ambassador Limousine,-115.181458,36.122412
Ritz Transportation,-115.181458,36.122412
Courtesy Dental and Orthodontics,-115.083900690079,36.0721348028013
In Da Cut Barbershop,-115.0839885,36.0727087
Arc Bar,-115.1700181,36.1125807
Le Village Buffet,-115.169968852855,36.1129302793928
Tender,-115.176614272976,36.0953556396528
Backstage Deli,-115.17696884779,36.0949664075133
Pyramid Cafe,-115.176619559535,36.0954740039417
BODIES... The Exhibition,-115.176083564758,36.0954380776502
Lobby Bar,-115.1760672,36.09551
Nathan's Famous,-115.175922,36.095424
LA Subs & Salads,-115.175922,36.095424
Titanic - The Artifact Exhibition,-115.17559449643,36.095241549646
Company Kitchen and Pub House,-115.175836,36.095563
Luxor Hotel And Casino Las Vegas,-115.175836,36.095589
Hussong's Cantina,-115.176019,36.094254
More Buffet at Luxor,-115.177258337494,36.0945456412333
Bonanno's New York Pizzeria,-115.176219621918,36.0958630220388
Las Vegas Sock Market,-115.176263571716,36.094140955812
Baccarat Lounge,-115.176544,36.113471
Cirque du Soleil - O,-115.176524,36.113029
Conservatory & Botanical Garden,-115.1765221,36.1130109
Lily,-115.1765221,36.1130109
The Bank,-115.1765221,36.1130109
Hyde Bellagio,-115.1765221,36.1130109
The Buffet at Bellagio,-115.17640884972,36.113160408814
Palio,-115.177444458008,36.1131896972656
Cafe Gelato,-115.177402496338,36.1137660698515
AT&T,-115.2911814,36.1613829
McDonald's,-115.2908583,36.1615381
Rio All Suites Hotel & Casino,-115.187379253974,36.1172878693446
Star Trek Convention 2012,-115.186221599579,36.1169295603932
Primo's Steakhouse,-115.291282,36.168849
Century 16 Suncoast,-115.291282,36.168849
Suncoast Bowling Center,-115.291282,36.168849
Suncoast Showroom,-115.291282,36.168849
SC Prime Steakhouse,-115.291282,36.168849
Bagel Corner Deli and Bakery,-115.291282,36.168849
Salvatore's,-115.291282,36.168849
St. Tropez International Buffet,-115.291282,36.168849
T.G.I. Friday's,-115.291282,36.168849
Pink Ladies Cleaning Service,-115.0806632,36.1435051
Famous Dave's,-115.171085,36.043483
Desert Radiologists,-115.170704,36.162909
New York City Bar & Grill,-115.2262849,36.1255487
Trend Beauty Salon,-115.226099,36.1258724
Vinnie Favorito,-115.172095395245,36.1159081476985
Alexandra Beauty Salon,-115.1713943,36.1156902
Steakhouse 46,-115.1713943,36.1156902
X Burlesque,-115.1713943,36.1156902
George Wallace,-115.1713943,36.1156902
Second City,-115.1713943,36.1156902
The Burger Joint,-115.1713943,36.1156902
Mental, starring Mind Reader Luke Jermay,-115.1713943,36.1156902
Java Coast Cafe,-115.1713943,36.1156902
Voga,-115.1713943,36.1156902
Tropical Breeze Cafe,-115.1723599,36.1160369
Garden Bar,-115.1723599,36.1160369
Tequila Bar and Grill,-115.171309034,36.1159916579
Hamada of Japan,-115.172535,36.115656
Imagine Studios,-115.172535,36.115638
Flamingo Las Vegas Hotel & Casino,-115.172557,36.115673
Pizza Joint,-115.172557,36.1156338
Margaritaville Casino,-115.172557,36.1156338
Budget Rent Flamingo Hotel,-115.172557,36.1156338
Flamingo Health Club and Spa,-115.172557,36.1156338
Dirk Arthur's Wild Magic,-115.172557,36.1156338
Margaritaville,-115.172557,36.1156338
Burger King,-115.172557,36.1156338
Corner Bar At Flamingo,-115.172557,36.1156338
Johnny Rockets,-115.172121,36.116349
LA Subs & Salads,-115.172121,36.116349
Donny & Marie Live,-115.172601,36.115606
Sin City Brewing Co.,-115.172601,36.115606
Paradise Garden Buffet,-115.172601,36.115606
Bonanno's New York Pizzeria,-115.172041751065,36.1163674992384
Center Cut Steakhouse,-115.172159768262,36.1164368350865
Wildlife Habitat,-115.172371485005,36.1163563462608
Giada,-115.172286068401,36.1151458784834
Victorian Cafe,-115.171781,36.115023
Barbary Coast Hotel & Casino,-115.17178,36.115018
Big Elvis,-115.17178,36.115018
Drai's After Hours,-115.17178,36.115018
The Cromwell Las Vegas Resort & Casino,-115.17191,36.114958
Tix 4 Tonight,-115.1717797,36.1149563
Dancing Queen,-115.172958374023,36.1157760620117
Slush Bar,-115.172435177269,36.115014579048
Mobile Mini Portable Storage,-112.0040006,33.4095058
Alternator Depot,-115.081408,36.1442938
McDonald's,-115.1435569,36.1692708
Joe Vicari's Andiamo Italian Steakhouse,-115.1435569,36.1692708
The Grille Inside The Golden Nugget,-115.1441195,36.1691036
D Grill,-115.143228086114,36.1693831031521
El Gaucho Lucas Cafe,-115.1442646,36.1679528
The Icehouse,-112.079787,33.444712
Hilton Garden Inn-Phoenix Midtown,-112.0751516,33.4924988
Sports Club At City Square,-112.0751516,33.4924988
Tracy Teitelbaum,-112.07517,33.492493
National Dodgeball Organization,-112.07517,33.492493
Wendy's,-112.0689504,33.4945855
Empirian At Steele Park,-112.0672149,33.4946499
Phoenix NAP,-112.0092145,33.4159541
Simon Med Imaging,-112.071929,33.477725
Screwie Lewie Motorsports,-112.103496,33.683186
Bell Auto Upholstery,-112.104892,33.683223
Da Valley Grill,-112.104022082032,33.6839914013495
Raising Cane's,-111.9883724,33.4799388
Burger King,-111.98828,33.479938
Bank of America,-111.987537,33.480834
Fletcher's Tire & Auto Service,-111.988594,33.479821
Beautiful Skin and Nails,-112.032402291016,33.5085550622949
Oscar Taylor's,-112.0319425,33.5080057
Papago's Cafe Grill & Deli,-111.9560775,33.4446605
Nirenstein Garnice PLLC,-111.926725,33.622258
Integrated Chiropractic,-111.926872,33.621903
Central Cafe,-112.074398,33.477111
Switch Restaurant & Wine Bar,-112.073616,33.477031
Schlotzskys Deli,-112.0736968,33.476644
Durant's,-112.0734835,33.4772365
Burger King,-112.074248,33.47626
Kitty,-111.925176,33.623671
Carole's Couture,-111.925176,33.623671
LensCrafters,-111.9251782,33.6236715
Drybar,-111.9249321,33.6238997
Grimaldi's Pizzeria,-111.9249321,33.6238997
Menchies Frozen Yogurt,-111.9249321,33.6238997
Press Coffee Roasters,-111.9249321,33.6238997
Kendra Scott Jewelry,-111.9249321,33.6238997
LaserAway - Scottsdale,-111.9249321,33.6238997
Apple Store,-111.9251335,33.6239133
H&M,-111.9251335,33.6239133
TK's Urban Tavern,-111.924623250961,33.6234374495202
Urban Outfitters,-111.92504110195,33.6231339274032
IT'SUGAR,-111.924408141935,33.6235973392887
Dominick's Steakhouse,-111.9256487,33.6239096
Cobalt Mortgage - Bookspan Baker Team,-111.925646,33.623918
North Italia,-111.9257499,33.6238044
The Greene House,-111.925766,33.623942
Stingray Sushi,-111.925564,33.623049
Primebar,-111.9253506,33.6228432
Suitsupply,-111.924904391462,33.6244335405902
Juby True,-111.9255069,33.6243669
CVS Pharmacy,-112.0733056,33.4653458
Homewood Suites,-111.9798301,33.4036486
Phoenix Suns,-112.07143225234,33.445888241217
US Airways Center,-112.071211,33.4459
Phoenix Mercury,-112.071211,33.4459
Carl's Jr,-112.071211,33.4459
Dora's Kitchen,-112.047217,33.4233649
Super B Burrito,-115.14856338501,36.10067306436
Sourdough Cafe,-115.2072287,36.1634312
Frisco Market Buffet,-115.2072287,36.1634312
Alternator Depot,-115.081408,36.1442938
Garden Buffet,-115.174912400544,36.0114387078918
Baja Miguel's,-115.1748529,36.0115126
Spazmatics,-115.1748529,36.0115126
Amazing Las Vegas Comic Con,-115.1748529,36.0115126
Primarily Prime Rib,-115.1747074,36.0113116
South Point Gift Shop And Liquor Store,-115.1747074,36.0113116
Zenshin Asian Restaurant,-115.1747074,36.0113116
Steak 'n Shake,-115.1747074,36.0113116
Big Sur Oyster Bar,-115.1747074,36.0113116
Kate's Korner Ice Cream Parlor,-115.1747074,36.0113116
South Point Bowling Center,-115.1747074,36.0113116
Showroom at South Point,-115.1747074,36.0113116
Century 16 South Point,-115.1747074,36.0113116
South Point Gourmet Food Truck Festival,-115.1747074,36.0113116
Del Mar Deli,-115.175896473326,36.011541189098
Seattle's Best Coffee,-115.174586075269,36.0116340579695
South Point Bingo Hall,-115.175868272781,36.0108832786357
Don Vito's,-115.175816,36.011877
Coronado Cafe,-115.174196,36.011426
FedEx Office Print & Ship Center,-115.143516,36.167682
Big D Original Italian Subs,-115.143516,36.167682
City of the World,-115.152057,36.1562089
Raw Remedies,-115.1522663,36.1560282
Glam Factory Vintage,-115.1517607,36.155842
First Friday,-115.152798,36.156248
The Funk House,-115.152798,36.156248
The Gypsy Den,-115.1516793,36.1558437
Williams Costume Co,-115.1512025,36.1561133
The First Vegas Burn!-The Flames of Change,-115.1511925,36.155996
Wendy's,-115.122148990631,36.196139898678
North Vista Hospital,-115.1228407,36.1956849
Bonanza Cat Hospital,-115.122847,36.195664
Sugar & Ice,-115.165731,36.126506
Sinatra,-115.1659216,36.1268103
Encore Beach Club,-115.1659216,36.1268103
Tryst Nightclub,-115.1659216,36.1268103
Cartier,-115.1659216,36.1268103
Wynn Poker Room,-115.1659216,36.1268103
The Buffet,-115.165590047836,36.1268872232164
The Cafe at The Wynn Resorts,-115.1658417,36.1272588
Red 8,-115.165968372623,36.1257833505363
Andrea's,-115.166711077637,36.1260222005968
Cashman Center,-115.130373,36.179366
Cashman Field,-115.130373,36.179366
Las Vegas Pet Expo,-115.130373,36.179366
Las Vegas 51S,-115.130373,36.179366
Las Vegas Science Festival,-115.130373,36.179366
Andy Foot Spa,-115.204305,36.114693
Bound by Salvatore,-115.171189118968,36.1147602343444
Tix 4 Tonight,-115.1717797,36.1149563
Drai's After Hours,-115.17178,36.115018
Barbary Coast Hotel & Casino,-115.17178,36.115018
Big Elvis,-115.17178,36.115018
Victorian Cafe,-115.171781,36.115023
The Cromwell Las Vegas Resort & Casino,-115.17191,36.114958
X Burlesque,-115.1713943,36.1156902
Alexandra Beauty Salon,-115.1713943,36.1156902
Mental, starring Mind Reader Luke Jermay,-115.1713943,36.1156902
Voga,-115.1713943,36.1156902
Second City,-115.1713943,36.1156902
George Wallace,-115.1713943,36.1156902
Steakhouse 46,-115.1713943,36.1156902
Java Coast Cafe,-115.1713943,36.1156902
The Burger Joint,-115.1713943,36.1156902
Giada,-115.172286068401,36.1151458784834
The Act Nightclub,-115.1663125,36.1216839
Stratosphere Thrills,-115.1560311,36.1472468
Tower Pizzeria,-115.1560311,36.1472468
Level 107 Lounge,-115.156272391846,36.1468405657765
Top of the World Restaurant,-115.15575096965,36.1475472515977
Insanity,-115.155858145045,36.1477311919009
SkyJump Las Vegas,-115.155677,36.14763
Stratosphere,-115.155556595598,36.147420166947
McCall's Heartland Grill,-115.155537128448,36.1470759950858
Tropical Smoothie,-115.155612635703,36.1476779457174
Level 8,-115.15543,36.147327
Romance Lounge,-115.15543,36.147327
Stratosphere Tower Tour,-115.155365,36.147371
John Knopf Fine Art Photography Gallery,-115.155365,36.147371
Pin Up,-115.155365,36.147371
Roni Josef International Salon & Spa,-115.155365,36.147371
Fat Tuesday,-115.155365,36.147371
American Superstars,-115.155365,36.147371
Buffet At the Stratosphere,-115.155365,36.147371
El Nopal,-115.155365,36.147371
Martin Lawrence Art Gallery,-115.156160892976,36.1480743458114
Martin Lawrence Art Gallery,-115.156160892976,36.1480743458114
Stratosphere Tower Shops,-115.15710119158,36.1478218728547
Chapel in the Clouds,-115.155886153748,36.1464940202018
Silver Nugget Steak House,-115.1554737,36.1467161
Sandwich Carvery 108,-115.155502319336,36.1478424072266
The Range Steakhouse,-115.1710333,36.1226679
Kenneth Cole,-115.1707759,36.1230543
The Grand Canal Shoppes,-115.1710908,36.1226036
Your Beauty Call,-115.1709535,36.1231481
The Rockhouse,-115.17057800293,36.1226959228516
Zio Gelato,-115.170497803411,36.1229495166502
Jade At the Palazzo,-115.1705922,36.1231252
I Love Burgers,-115.17075959375,36.1233678057961
Walgreens,-115.170275,36.123083
Canyon Ranch SpaClub,-115.170216,36.122988
Otto Enoteca Pizzeria,-115.1701939,36.1226902
The Venetian Resort Hotel Casino,-115.1701939,36.1226902
B&B Burger & Beer,-115.1701939,36.1226902
Rattlecan,-115.1701939,36.1226902
Venetian Theatre At The Venetian Las Vegas,-115.1701939,36.1226902
Valentino,-115.1701939,36.1226902
Rock Of Ages At The Venetian Las Vegas,-115.1701939,36.1226902
Pizzeria Da Enzo,-115.1701939,36.1226902
Brilliance New York  - Las Vegas,-115.1701939,36.1226902
IT'SUGAR,-115.170992016854,36.1222378710541
DB Brasserie,-115.170204628877,36.1224648761978
Starbucks,-115.170912612406,36.1235924656008
Bouchon,-115.17027887929,36.1222934090182
Lime Ice Frozen Bar,-115.170458236954,36.1221784491401
Tintoretto Restaurant and Bakery,-115.170623888813,36.1221137349601
Winter In Venice,-115.170396566391,36.1221815399578
Drai's Beach Club,-115.1703817,36.1235742
Drai's Nightclub,-115.1703817,36.1235742
Grand Lux Cafe,-115.170122460117,36.1222764410517
The Coffee Shop,-115.171173568051,36.1237125927705
Union 76,-115.1729649,36.0242184
B & B Station LLC,-115.172947,36.0244
Antique Mall of America,-115.173717874042,36.0236370854442
Burger Brothers,-115.172720935194,36.0244459474711
Asian Express,-115.172455,36.0243843
Emerald Suites,-115.172455,36.0243843
Moorea Beach Club,-115.1751614,36.0918639
Starbucks,-115.1751614,36.0918639
Eyecandy,-115.1751614,36.0918639
THEcafe at THEhotel,-115.1751614,36.0918639
The Light Night Club,-115.175199,36.091843
Fleur by Hubert Keller,-115.175111922142,36.0920808497193
Noodle Shop,-115.175378778412,36.0919409454273
Raffles Cafe,-115.175557853809,36.0918847590248
Sports Book Grill,-115.174684154507,36.0923389288943
Orchid Lounge,-115.175611340541,36.0923991616067
Evening Call,-115.175610780716,36.0924416866923
Mandalay Bay Resort & Casino,-115.17435109367,36.0922940573772
Mandalay Bay-Excalibur Tram,-115.174999237061,36.0926670966146
Eltons,-115.174111,36.091453
San Francisco Shrimp Bar and Deli,-115.1465531,36.1710451
McDonald's,-115.1464136,36.1716777
Insurgo Theater Movement,-115.1464136,36.1716777
Center Stage Restaurant,-115.1463616,36.1716577
Louie Anderson Live,-115.1463616,36.1716577
Gigi's Cupcakes,-115.1463616,36.1716577
Pop Up Pizza,-115.1463616,36.1716577
Cafelatte,-115.1463616,36.1716577
Hash House A Go Go,-115.1463616,36.1716577
Swingers Club,-115.1463616,36.1716577
Bier Garten,-115.1463616,36.1716577
The Plaza Hotel and Casino,-115.1463616,36.1716577
Bolt Bus,-115.1463616,36.1716577
The Best Little Whorehouse In Texas,-115.1463616,36.1716577
Island Sushi and Grill Express,-115.146760940552,36.1718326388693
Oscar's,-115.14659957955,36.17183519068
Du-Par's Restaurant and Bakery,-115.146236484561,36.1712166157953
Golden Gate Hotel & Casino,-115.1463978,36.1709704
La Bayou Casino,-115.145849,36.17115
ABC Stores,-115.145773,36.171119
Slidin' Thru,-115.1534203,36.1658902
Debbie Conway - Clark County Recorder,-115.1534151,36.1654067
Gold Coast Hotel & Casino,-115.192046,36.117059
Gold Coast Bowling Center,-115.192046,36.117059
Monterey Room,-115.192046,36.117059
Java Vegas - Gold Coast,-115.192046,36.117059
The Lawn Patrol,-115.0999753,36.0833352
Dang Dee Thai Cuisine,-115.0999753,36.0833352
247-locksmith Las Vegas,-115.0999753,36.0833352
Bakeshop,-115.0999753,36.0833352
My Pink Hare,-115.0999753,36.0833352
Free Vegas Club Passes,-115.0999753,36.0833352
Mitchies Munchies,-115.0999753,36.0833352
ARIA Cafe,-115.176129437604,36.1073273137553
Lemongrass,-115.175769949237,36.1077099028034
City Bar,-115.175233567553,36.1071359286149
She by Morton's,-115.175531803413,36.1078245653989
The Buffet at ARIA,-115.175775,36.107941
Wolfgang Puck Pizzeria & Cucina,-115.175061689998,36.1076767160086
Starbucks,-115.175222901377,36.107875875033
Sage,-115.176501274109,36.1075773938549
Liquid Pool Lounge,-115.176722,36.107635
HAZE,-115.176722,36.107635
Elements At Aria,-115.176722,36.107635
ARIA Race & Sports Book,-115.176722,36.107635
ARIA Poker Room,-115.176722,36.107635
Access Capital Group,-112.071304,33.484225
Urology Associates, Ltd.,-112.071135,33.484256
Doubletree by Hilton Hotel,-115.144844,36.058477
Double Tree Club Las Vegas Airport,-115.144844,36.058477
Duck & Decanter,-112.07333,33.484705
Par Exsalonce CityScape Salon & Spa,-112.0772,33.4520525518248
Crescent Ballroom,-112.0766916,33.4517763
Cocina 10,-112.0766916,33.4517763
Jamba Juice,-112.075116563471,33.4842339783194
FIRED PIE,-112.075335894252,33.4837563869115
Seay's,-112.074924,33.484149
Kobalt,-112.074924,33.484149
The Good Egg - Park Central,-112.075009130997,33.4836556717717
Starbucks,-112.074882317352,33.4836590249504
Park Central Deli,-112.07554557280001,33.4834856536553
Qdoba Mexican Grill,-112.075009830603,33.4833078592673
Sts Simon & Jude Cathedral,-112.1167282,33.5297512
Salty Senorita,-111.9264513,33.4915705
BAR 350,-111.9263991,33.491635
Mozell & Company Hair,-111.9271891,33.4923301
Texas BBQ House,-111.926420331001,33.4914417268173
BNB hair design,-111.927134,33.492469
Hair By Alyse,-111.927134,33.492469
Raw Image,-111.927134,33.492469
Deana Phelps,-111.927134,33.49247
Billet Bar,-111.9261636,33.4916293
The American Legion,-111.926747,33.491031
RA Sushi Bar Restaurant,-111.9259419,33.4920368
Walgreens,-112.0739243,33.4876207
Jack-In-the-Box,-112.073895,33.486194
Avis Lubrication,-112.002703,33.495805
Dilly Dally Lounge,-112.0024784,33.4951643
Ray Eyewear,-112.0027958,33.4951665
The Watch Repair Company,-112.0030783,33.4953761
Hazelwoods First Place Sports Grill,-112.003173828125,33.4956398010254
Corona Urban Cantina,-112.0020575,33.4949347
Zipps Sports Grill,-112.0020575,33.4949347
Salon Sandoval,-112.001673,33.495144
Acacia Cafe,-112.001969,33.494927
Famous Wings,-112.0031664,33.495169
Ballet Arizona,-112.0032157,33.4951546
Fuhr Chiropractic Clinic,-112.0014527,33.4952408
Marbles A Salon,-112.003115,33.494985
Studio 360,-112.003115,33.494985
Mama Java's Coffee House,-112.0032205,33.4950814
Arizona Sunrays Gymnastics & Dance Center,-112.0146021,33.6119217
Barks N Bows,-112.0134892,33.6118363
Carson Kitchen,-115.140640474856,36.1678783156885
O Face Doughnuts,-115.140467,36.167937
Grass Roots Juice Bar,-115.140467,36.167937
Bud & Vine,-115.140467,36.167937
Soma Intimates,-115.140818,36.1688512
Black Spade Tattoo,-115.140472,36.1678228
Newark & Newark,-115.141409933567,36.1679081618786
Wayfarer Bar,-115.1407265,36.168984
Don't Tell Mama,-115.140099,36.168666
Beauty Bar,-115.140098571777,36.1686668395996
Downtown Cocktail Room,-115.1406902,36.1690367
US Post Office,-115.141413,36.167734
Kabob Korner,-115.1403267,36.1689727
The Griffin,-115.1403079,36.1689657
The Inspire Theatre,-115.140376277268,36.1690188918021
Inspire News Cafe,-115.1405889,36.1690987
Coterie,-115.140144348145,36.1689224243164
Jillian's,-115.1400422,36.1688534
Lovo Cigars,-115.1400411,36.168853
The Laundry Room,-115.1403191,36.1690645
Uncle Joe's Pizza,-115.1405453,36.1691679
Southwest Medical Associates,-115.1730684,36.1598563
Glossy Nails,-115.1728672,36.160294
Pad Thai Restaurant,-115.1728672,36.160294
Art Cleaners,-115.172372,36.160499
Quiznos,-115.172372,36.160499
Sol y Luna Beauty Studio,-115.172372,36.160499
Franklin Document Services,-115.119743,36.066688
Mystere Theatre At Treasure Island Hotel And Casino,-115.172762610018,36.1249633868011
Gilley's,-115.172325134277,36.1245384216309
ISLA Mexican Kitchen & Tequila Bar,-115.172324,36.1245369
Christian Audigier The Nightclub,-115.172324,36.1245369
The Buffet at Treasure Island,-115.171991,36.124829
Sirens of Treasure Island,-115.171971,36.124823
Pho at The Coffee Shop,-115.17176485588101,36.1247267427889
Centurylink,-111.9658665,33.4028276
Central Cafe,-112.074398,33.477111
Switch Restaurant & Wine Bar,-112.073616,33.477031
Schlotzskys Deli,-112.0736968,33.476644
Durant's,-112.0734835,33.4772365
Burger King,-112.074248,33.47626
Yoshi's Restaurant,-112.074398,33.4940659
Arco AMPM Station,-112.0744,33.494438
Hap's Pit Barbeque,-112.0742775,33.4947925
Dora's Kitchen,-112.047217,33.4233649
Viva Zapatas Mexican Restaurant & Cantina,-115.0961764,36.2406148
MR. SMOG,-115.096734,36.240644
McDonald's,-115.1435569,36.1692708
Joe Vicari's Andiamo Italian Steakhouse,-115.1435569,36.1692708
The Grille Inside The Golden Nugget,-115.1441195,36.1691036
D Grill,-115.143228086114,36.1693831031521
El Gaucho Lucas Cafe,-115.1442646,36.1679528
Central Cafe,-112.074398,33.477111
Switch Restaurant & Wine Bar,-112.073616,33.477031
Schlotzskys Deli,-112.0736968,33.476644
Durant's,-112.0734835,33.4772365
Burger King,-112.074248,33.47626
Lincoln Electric Garage Door Company,-111.9522011,33.3939731
Game Seven Grill,-112.0686707,33.4462892
Sliders American Grill,-112.0686882,33.4462892
Dora's Kitchen,-112.047217,33.4233649
Loco Patron,-111.9404991,33.42791
Which Wich,-111.9404991,33.42791
TriSports,-111.9404991,33.42791
P.F. Chang's Rock N Roll Half Marathon AZ,-111.940003037453,33.4273673048425
Mill Avenue District,-111.9404992,33.4271986
Ncounter,-111.9404992,33.4271986
University Of Nevada School Of Medicine: Family Medicine Center,-115.256657,36.204868
Belly Bliss,-115.299962,36.083671
Bond Pediatrics,-115.299856,36.084107
Ensign Family Medicine,-115.298945,36.083571
Toy Shack,-115.140992917303,36.1697543847229
Banger Brewing,-115.140929830656,36.1694573848589
Cous Cous Mediterranean Cafe,-115.140846252441,36.1700553894043
Heart Attack Grill,-115.140846252441,36.1700553894043
Krave,-115.140844,36.170055
Neonopolis,-115.140844,36.170055
Ultimate Sports Cards and Memorabilia,-115.140844,36.170055
Supernova Comics,-115.140844,36.170055
Drink & Drag Lounge,-115.140844,36.170055
Denny's,-115.140844,36.170055
Krave Massive,-115.140844,36.170055
Luna Rossa,-115.1410442,36.1700884
Nacho Daddy,-115.141404656,36.1699871443
Bar 46,-115.141555786133,36.1697692871094
Flightlinez at Fremont,-115.1408524,36.1693334
Las Vegas Country Saloon,-115.1408524,36.1693334
Brass Lounge,-115.1413073,36.1693227
The Las Vegas Great Santa Run,-115.1413073,36.1693227
Mickie Finnz,-115.1413073,36.1693227
Fremont Street Experience,-115.1413073,36.1693227
Life is Beautiful Festival,-115.1413073,36.1693227
Hennessey's Tavern,-115.1416367,36.1694541
Walgreens,-115.1417626,36.1695131
Las Vegas Cuban Cigar Factory,-115.1416668,36.1701822
Uncle Joe's Pizza,-115.1405453,36.1691679
Taste & Sounds of Soul,-115.1419133,36.1697818
Thai Vegas,-115.1415626,36.1703435
Inspire News Cafe,-115.1405889,36.1690987
Downtown Cocktail Room,-115.1406902,36.1690367
Wayfarer Bar,-115.1407265,36.168984
Piccadilly Pizza Fremont,-115.141972,36.170125
Asada's Tacos,-115.141972,36.170125
Park on Fremont,-115.140097,36.169326
Maharaja Hookah Cafe,-115.1402448,36.1691311
The Laundry Room,-115.1403191,36.1690645
Rao's,-115.176439563057,36.1163674508362
Garden of the Gods Pool,-115.176923371472,36.1158388113836
Niketown Las Vegas,-115.176545874412,36.1166446669681
Hyakumi,-115.176501274109,36.1169607071423
Courtyard Grill & Buffet,-115.114852905273,36.1578674316406
Munch A Sub,-115.203383,36.0932467
Sourdough Cafe,-115.2072287,36.1634312
Frisco Market Buffet,-115.2072287,36.1634312
Arizona Charlie's Decatur,-115.207017,36.16376
Wendys,-115.178365,36.180793
All Western Mortgage Inc.,-115.271751,36.067425
Circus Circus Las Vegas Hotel and Casino,-115.163492,36.1369239
Rock & Rita's,-115.16381357871,36.136946733987
Slots A Fun,-115.163090195673,36.1367386883265
Pizzeria,-115.1626825,36.1372759
Mexitalia X-Press,-115.1626825,36.1372759
Machine Gun Kelly's Gun Vault,-115.12614,36.070412
Mountain's Edge Maids,-115.2038934,36.1519997
Roy's Restaurant,-115.2851944,36.1585173
Patisserie Manon,-115.2857965976,36.1580257430196
Rapid Rehab,-115.2857741,36.1584817
Fancy Feet By Tammy Floyd,-115.2857741,36.1584817
Body Spa Salons,-115.2857741,36.1584817
Body Spa West,-115.2857741,36.1584817
Pearl Skin Studio,-115.2857741,36.1584817
Glamif-Eye,-115.2857741,36.1584817
Knead To De-stress LLC,-115.2857741,36.1584817
Classylash & Spa Services,-115.2857741,36.1584817
Eyebrow Threading - Body Spa,-115.2857741,36.1584817
Allure Cosmetic Laser Center,-115.2857741,36.1584817
Bleu Gourmet,-115.2857741,36.1584817
McDonalds,-115.179791,36.180676
Jamba Juice,-115.171480178833,36.1102124079505
Spice Market Buffet,-115.171666064417,36.1102503133479
Jason Alexander as Donny Clay,-115.171444646154,36.1099199803609
ABC Stores,-115.171245939377,36.1099799250176
PBR Rock Bar & Grill,-115.171432448184,36.1098235107874
The Chapel at Planet Hollywood,-115.17115616432,36.1101554145801
Planet Hollywood Diamond Lounge,-115.171882629395,36.1098289489746
Strip House Steak House,-115.172052479901,36.1101183545379
Las Vegas Live Comedy Club,-115.172093398869,36.1101338572064
Tribute Royalty,-115.171605629886,36.1106136084016
Pleasure Pools,-115.171274513164,36.1095666145531
La Salsa Cantina,-115.172276956619,36.1101319477719
Crazy Shirts,-115.171434080688,36.110689466537096
Gordon Ramsay BurGR,-115.172338485718,36.1101083959134
Ben Sherman,-115.172375113162,36.1104289637651
Lucky Brand Jeans,-115.172501,36.1100668
Surf The Musical Songs Of The Beach Boys,-115.172501,36.1100668
Gallery Nightclub,-115.172501,36.1100668
Hertz,-115.172501,36.1100668
Planet Hollywood Poker Room,-115.172501,36.1100668
Pin Up Pizza,-115.172501,36.1100668
Heart Bar,-115.172501,36.1100668
Planet Hollywood Las Vegas Resort & Casino,-115.172501,36.1100668
Planet Dailies,-115.172501,36.1100668
PLANET HOLLYWOOD SPA BY MANDARA,-115.172501,36.1100668
Peepshow,-115.172501,36.1100668
Marshall Sylver: Real Hypnosis Really Funny,-115.172501,36.1100668
Sin City Theatre,-115.172501,36.1100668
P F Chang's China Bistro,-115.172501,36.1100668
Toxic Audio,-115.1725201,36.1100794
MetroPark,-115.1725201,36.1100794
Koi,-115.1725201,36.1100794
Zanzibar Cafe,-115.1725201,36.1100794
Aladdin Hotel & Casino,-115.1725201,36.1100794
Ph Towers,-115.1725201,36.1100794
Aladdin Resort & Casino,-115.1725201,36.1100794
Meatball Spot,-115.1721858,36.1107749
Zombie Burlesque,-115.1721858,36.1107749
Hypnosis Unleashed,-115.1721858,36.1107749
Ketchup Premium Burger Bar,-115.1721858,36.1107749
Harmon Theatre At Krave,-115.1721858,36.1107749
Db's Pong & Pool,-115.1721858,36.1107749
Party Comedy Show,-115.1721858,36.1107749
Ocean One Bar & Grill,-115.1721858,36.1107749
Original Diva,-115.172464529297,36.1096545841758
Extra Lounge,-115.172492,36.110542
The Careful Move,-115.1814861,36.125352
Allure Las Vegas,-115.1593326,36.1439148
Ensign Family Medicine,-115.298945,36.083571
Chandler City,-111.840447,33.304066
Eastwind Sushi And Grill,-111.840548017449,33.3042957407848
The Great American BBQ & Beer Festival,-111.840818073411,33.3034408469233
Maximum Fitness,-111.895947754383,33.6436591297388
Christakos George T, DDS,-111.8958889,33.6452969
Arizona Associates For Reproductive Health,-111.8958889,33.6452969
Douglas W Beals, DDS MS,-111.8958955,33.6453147
Cardiovascular Consultants,-111.8958955,33.6453147
AZ Eye Health,-111.8958994,33.6453254
Central United Methodist Church,-112.0736819,33.4691649
Hotel San Carlos,-112.074195861816,33.450611114502
Silver Spoon Cafe,-112.074198,33.450611
$25 Chiropractic,-112.0738427,33.4506849
Ghost Lounge,-112.0740771,33.4504587
Bonjour Vietnam,-112.0740771,33.4504587
Bistro 202,-112.0740771,33.4504587
Seamus McCaffrey's,-112.0743441,33.4504575
Rise Up,-112.0738231,33.450525
Vapor Vortex,-112.0738976,33.450345
Subway,-112.0740911,33.4503008
44 Monroe,-112.07481,33.450524
Michael's Jewelers,-112.0738185,33.4501973
Jamba Juice,-112.075116563471,33.4842339783194
FIRED PIE,-112.075335894252,33.4837563869115
Seay's,-112.074924,33.484149
Kobalt,-112.074924,33.484149
The Good Egg - Park Central,-112.075009130997,33.4836556717717
Starbucks,-112.074882317352,33.4836590249504
Park Central Deli,-112.07554557280001,33.4834856536553
Qdoba Mexican Grill,-112.075009830603,33.4833078592673
Margaritas Grill,-111.831961,33.415424
Monsterland Bar & Grill,-111.832292,33.415467
Posh Nosh,-111.8319018,33.4152885
de la Cruz Bistro,-111.8319331,33.4152355
Bubba Phatz BBQ,-111.8314726,33.4153566
12 West Main,-111.832119,33.4151944
Centurylink,-111.9658665,33.4028276
Blimpie America's Sub Shop,-111.9869517,33.4729919
Dirty Drummer,-111.986969,33.4729919
Krisply Kleen Cleaners,-111.9869692,33.4729919
Phoenix East Clinic,-111.986633300781,33.4732475280762
Extended Stay America - Phoenix - Airport,-111.987716,33.4722161
Comedy on Deck Tours,-115.1290038,36.2162532
Barnet Dulaney Perkins Eye Center,-112.0346596,33.507193
Wendys,-115.2019773,36.1151551
Enterprise Rent-A-Car,-115.202539,36.114928
One Nevada Credit Union,-115.2009298,36.1149771
Jamba Juice,-112.075116563471,33.4842339783194
FIRED PIE,-112.075335894252,33.4837563869115
Seay's,-112.074924,33.484149
Kobalt,-112.074924,33.484149
The Good Egg - Park Central,-112.075009130997,33.4836556717717
Starbucks,-112.074882317352,33.4836590249504
Park Central Deli,-112.07554557280001,33.4834856536553
Qdoba Mexican Grill,-112.075009830603,33.4833078592673
Ksaz-Tv 10-Fox,-112.080813,33.44877
